<?xml version="1.0" encoding="UTF-8"?>
<beans xmlns="http://www.springframework.org/schema/beans"
       xmlns:xsi="http://www.w3.org/2001/XMLSchema-instance"
       xmlns:context="http://www.springframework.org/schema/context"
       xsi:schemaLocation="http://www.springframework.org/schema/beans http://www.springframework.org/schema/beans/spring-beans.xsd http://www.springframework.org/schema/context http://www.springframework.org/schema/context/spring-context.xsd">

    <context:property-placeholder location="classpath:redis.properties" />

    <bean id="jedisPoolConfig" class="redis.clients.jedis.JedisPoolConfig" />

    <bean id="shardedJedisPool" class="redis.clients.jedis.ShardedJedisPool" scope="singleton" >
        <constructor-arg index="0" ref="jedisPoolConfig" />
        <constructor-arg index="1">
            <list>
                <bean class="redis.clients.jedis.JedisShardInfo">
                    <constructor-arg name="host" value="${redis.host}"/>
                    <constructor-arg name="port" value="${redis.port}"/>
                    <constructor-arg name="timeout" value="${redis.timeout}"/>
                </bean>
            </list>
        </constructor-arg>
    </bean>

</beans>