<?xml version="1.0" encoding="UTF-8" ?>
<!DOCTYPE mapper PUBLIC "-//mybatis.org//DTD Mapper 3.0//EN" "http://mybatis.org/dtd/mybatis-3-mapper.dtd" >
<mapper namespace="com.mmall.dao.SysLogMapper" >
  <resultMap id="BaseResultMap" type="com.mmall.model.SysLog" >
    <id column="id" property="id" jdbcType="INTEGER" />
    <result column="type" property="type" jdbcType="INTEGER" />
    <result column="target_id" property="targetId" jdbcType="INTEGER" />
    <result column="operator" property="operator" jdbcType="VARCHAR" />
    <result column="operate_time" property="operateTime" jdbcType="TIMESTAMP" />
    <result column="operate_ip" property="operateIp" jdbcType="VARCHAR" />
    <result column="status" property="status" jdbcType="INTEGER" />
  </resultMap>
  <resultMap id="ResultMapWithBLOBs" type="com.mmall.model.SysLogWithBLOBs" extends="BaseResultMap" >
    <result column="old_value" property="oldValue" jdbcType="LONGVARCHAR" />
    <result column="new_value" property="newValue" jdbcType="LONGVARCHAR" />
  </resultMap>
  <sql id="Base_Column_List" >
    id, type, target_id, operator, operate_time, operate_ip, status
  </sql>
  <sql id="Blob_Column_List" >
    old_value, new_value
  </sql>
  <select id="selectByPrimaryKey" resultMap="ResultMapWithBLOBs" parameterType="java.lang.Integer" >
    select 
    <include refid="Base_Column_List" />
    ,
    <include refid="Blob_Column_List" />
    from sys_log
    where id = #{id,jdbcType=INTEGER}
  </select>
  <delete id="deleteByPrimaryKey" parameterType="java.lang.Integer" >
    delete from sys_log
    where id = #{id,jdbcType=INTEGER}
  </delete>
  <insert id="insert" parameterType="com.mmall.model.SysLogWithBLOBs" >
    insert into sys_log (id, type, target_id, 
      operator, operate_time, operate_ip, 
      status, old_value, new_value
      )
    values (#{id,jdbcType=INTEGER}, #{type,jdbcType=INTEGER}, #{targetId,jdbcType=INTEGER}, 
      #{operator,jdbcType=VARCHAR}, #{operateTime,jdbcType=TIMESTAMP}, #{operateIp,jdbcType=VARCHAR}, 
      #{status,jdbcType=INTEGER}, #{oldValue,jdbcType=LONGVARCHAR}, #{newValue,jdbcType=LONGVARCHAR}
      )
  </insert>
  <insert id="insertSelective" parameterType="com.mmall.model.SysLogWithBLOBs" >
    insert into sys_log
    <trim prefix="(" suffix=")" suffixOverrides="," >
      <if test="id != null" >
        id,
      </if>
      <if test="type != null" >
        type,
      </if>
      <if test="targetId != null" >
        target_id,
      </if>
      <if test="operator != null" >
        operator,
      </if>
      <if test="operateTime != null" >
        operate_time,
      </if>
      <if test="operateIp != null" >
        operate_ip,
      </if>
      <if test="status != null" >
        status,
      </if>
      <if test="oldValue != null" >
        old_value,
      </if>
      <if test="newValue != null" >
        new_value,
      </if>
    </trim>
    <trim prefix="values (" suffix=")" suffixOverrides="," >
      <if test="id != null" >
        #{id,jdbcType=INTEGER},
      </if>
      <if test="type != null" >
        #{type,jdbcType=INTEGER},
      </if>
      <if test="targetId != null" >
        #{targetId,jdbcType=INTEGER},
      </if>
      <if test="operator != null" >
        #{operator,jdbcType=VARCHAR},
      </if>
      <if test="operateTime != null" >
        #{operateTime,jdbcType=TIMESTAMP},
      </if>
      <if test="operateIp != null" >
        #{operateIp,jdbcType=VARCHAR},
      </if>
      <if test="status != null" >
        #{status,jdbcType=INTEGER},
      </if>
      <if test="oldValue != null" >
        #{oldValue,jdbcType=LONGVARCHAR},
      </if>
      <if test="newValue != null" >
        #{newValue,jdbcType=LONGVARCHAR},
      </if>
    </trim>
  </insert>
  <update id="updateByPrimaryKeySelective" parameterType="com.mmall.model.SysLogWithBLOBs" >
    update sys_log
    <set >
      <if test="type != null" >
        type = #{type,jdbcType=INTEGER},
      </if>
      <if test="targetId != null" >
        target_id = #{targetId,jdbcType=INTEGER},
      </if>
      <if test="operator != null" >
        operator = #{operator,jdbcType=VARCHAR},
      </if>
      <if test="operateTime != null" >
        operate_time = #{operateTime,jdbcType=TIMESTAMP},
      </if>
      <if test="operateIp != null" >
        operate_ip = #{operateIp,jdbcType=VARCHAR},
      </if>
      <if test="status != null" >
        status = #{status,jdbcType=INTEGER},
      </if>
      <if test="oldValue != null" >
        old_value = #{oldValue,jdbcType=LONGVARCHAR},
      </if>
      <if test="newValue != null" >
        new_value = #{newValue,jdbcType=LONGVARCHAR},
      </if>
    </set>
    where id = #{id,jdbcType=INTEGER}
  </update>
  <update id="updateByPrimaryKeyWithBLOBs" parameterType="com.mmall.model.SysLogWithBLOBs" >
    update sys_log
    set type = #{type,jdbcType=INTEGER},
      target_id = #{targetId,jdbcType=INTEGER},
      operator = #{operator,jdbcType=VARCHAR},
      operate_time = #{operateTime,jdbcType=TIMESTAMP},
      operate_ip = #{operateIp,jdbcType=VARCHAR},
      status = #{status,jdbcType=INTEGER},
      old_value = #{oldValue,jdbcType=LONGVARCHAR},
      new_value = #{newValue,jdbcType=LONGVARCHAR}
    where id = #{id,jdbcType=INTEGER}
  </update>
  <update id="updateByPrimaryKey" parameterType="com.mmall.model.SysLog" >
    update sys_log
    set type = #{type,jdbcType=INTEGER},
      target_id = #{targetId,jdbcType=INTEGER},
      operator = #{operator,jdbcType=VARCHAR},
      operate_time = #{operateTime,jdbcType=TIMESTAMP},
      operate_ip = #{operateIp,jdbcType=VARCHAR},
      status = #{status,jdbcType=INTEGER}
    where id = #{id,jdbcType=INTEGER}
  </update>

  <select id="countBySearchDto" parameterType="map" resultType="int">
    SELECT count(1)
    FROM sys_log
    <include refid="queryConditions" />
  </select>

  <select id="getPageListBySearchDto" parameterType="map" resultMap="ResultMapWithBLOBs">
    SELECT <include refid="Base_Column_List" />,<include refid="Blob_Column_List" />
    FROM sys_log
    <include refid="queryConditions" />
    ORDER BY operate_time DESC
    limit #{page.offset}, #{page.pageSize}
  </select>

  <sql id="queryConditions">
    <where>
      <if test="dto.type != null">
        AND type = #{dto.type}
      </if>
      <if test="dto.beforeSeg != null and dto.beforeSeg != ''">
        AND old_value like #{dto.beforeSeg}
      </if>
      <if test="dto.afterSeg != null and dto.afterSeg != ''">
        AND new_value like #{dto.afterSeg}
      </if>
      <if test="dto.operator != null and dto.operator != ''">
        AND operator like #{dto.operator}
      </if>
      <if test="dto.fromTime != null">
        AND operate_time &gt;= #{dto.fromTime}
      </if>
      <if test="dto.toTime != null">
        AND operate_time &lt;= #{dto.toTime}
      </if>
    </where>
  </sql>
</mapper>