{"swagger":"2.0","info":{"description":"Swagger 自动生成接口文档","version":"2.0","title":"HTTP API","termsOfService":"http://springfox.io","contact":{"name":"imooc"},"license":{"name":"Apache License Version 2.0","url":"https://github.com/springfox/springfox/blob/master/LICENSE"}},"host":"localhost:8081","basePath":"/manager","tags":[{"name":"product-controller","description":"Product Controller"}],"paths":{"/products":{"get":{"tags":["product-controller"],"summary":"query","operationId":"queryUsingGET","consumes":["application/json"],"produces":["*/*"],"parameters":[{"name":"ids","in":"query","description":"ids","required":false,"type":"string"},{"name":"minRewardRate","in":"query","description":"minRewardRate","required":false,"type":"number"},{"name":"maxRewardRate","in":"query","description":"maxRewardRate","required":false,"type":"number"},{"name":"status","in":"query","description":"status","required":false,"type":"string"},{"name":"pageNum","in":"query","description":"pageNum","required":false,"type":"integer","default":0,"format":"int32"},{"name":"pageSize","in":"query","description":"pageSize","required":false,"type":"integer","default":10,"format":"int32"}],"responses":{"200":{"description":"OK","schema":{"$ref":"#/definitions/Page«Product»"}},"401":{"description":"Unauthorized"},"403":{"description":"Forbidden"},"404":{"description":"Not Found"}}},"post":{"tags":["product-controller"],"summary":"创建产品","description":"根据对应业务规则添加相应的产品","operationId":"addProductUsingPOST","consumes":["application/json"],"produces":["*/*"],"parameters":[{"in":"body","name":"product","description":"product","required":true,"schema":{"$ref":"#/definitions/Product"}}],"responses":{"200":{"description":"OK","schema":{"$ref":"#/definitions/Product"}},"201":{"description":"Created"},"401":{"description":"Unauthorized"},"403":{"description":"Forbidden"},"404":{"description":"Not Found"}}}},"/products/{id}":{"get":{"tags":["product-controller"],"summary":"findOne","operationId":"findOneUsingGET","consumes":["application/json"],"produces":["*/*"],"parameters":[{"name":"id","in":"path","description":"id","required":true,"type":"string"}],"responses":{"200":{"description":"OK","schema":{"$ref":"#/definitions/Product"}},"401":{"description":"Unauthorized"},"403":{"description":"Forbidden"},"404":{"description":"Not Found"}}}}},"definitions":{"Page«Product»":{"type":"object","properties":{"content":{"type":"array","items":{"$ref":"#/definitions/Product"}},"first":{"type":"boolean"},"last":{"type":"boolean"},"number":{"type":"integer","format":"int32"},"numberOfElements":{"type":"integer","format":"int32"},"size":{"type":"integer","format":"int32"},"sort":{"$ref":"#/definitions/Sort"},"totalElements":{"type":"integer","format":"int64"},"totalPages":{"type":"integer","format":"int32"}}},"Product":{"type":"object","properties":{"createAt":{"type":"string","format":"date-time"},"createUser":{"type":"string"},"id":{"type":"string"},"lockTerm":{"type":"integer","format":"int32"},"memo":{"type":"string"},"name":{"type":"string"},"rewardRate":{"type":"number"},"status":{"type":"string","description":"状态","enum":["AUDITING","IN_SELL","LOCKED","FINISHED"]},"stepAmount":{"type":"number"},"thresholdAmount":{"type":"number"},"updateAt":{"type":"string","format":"date-time"},"updateUser":{"type":"string"}}},"Sort":{"type":"object"}}}